year,mnth,cnt
2011,1,55.50726744186046
2011,2,74.29121725731895
2011,3,87.73287671232876
2011,4,131.9471488178025
2011,5,182.55510752688173
2011,6,199.32222222222222
2011,7,189.9744623655914
2011,8,186.99179206566347
2011,9,177.70990237099025
2011,10,166.2328398384926
2011,11,142.09596662030597
2011,12,117.84480431848853
2012,1,130.5587044534413
2012,2,149.04190751445086
2012,3,221.90444145356662
2012,4,242.6518105849582
2012,5,263.25940860215053
2012,6,281.7083333333333
2012,7,273.6653225806452
2012,8,288.31048387096774
2012,9,303.5736111111111
2012,10,280.84887005649716
2012,11,212.62395543175487
2012,12,166.72911051212938
