,year,mnth,hr,holiday,weekday,workingday,weathersit,temp,atemp,hum,windspeed,cnt,season_int,weathersit_int,weekday_int,yr_int
year,1.0,-0.010472928818846731,-0.003867004949340474,0.0066916166083061555,-0.004484851244159961,-0.0021960054143295854,-0.019156853236153317,0.04091337950964953,0.039221594593994956,-0.08354642088380308,-0.00873953293298549,0.2504948988588146,-0.010742486210231486,-0.019156853236153317,-0.004484851244159961,0.9999999999999996
mnth,-0.010472928818846731,1.0,-0.0057719088298837555,0.01843032523294527,0.010400061080361973,-0.0034769217948592422,0.005399521906108003,0.2016914936098623,0.20809613091746373,0.1644114433757885,-0.1353863232050091,0.12063776021315144,0.8303858922042007,0.005399521906108003,0.010400061080361973,-0.010472928816713602
hr,-0.003867004949340474,-0.0057719088298837555,1.0,0.0004791360364798608,-0.0034977394383284097,0.002284998104143218,-0.020202528398648743,0.13760349386561102,0.13374996473160936,-0.2764978279048565,0.13725156750094297,0.39407149778294204,-0.006116900866197274,-0.020202528398648743,-0.0034977394383284097,-0.003867004949336633
holiday,0.0066916166083061555,0.01843032523294527,0.0004791360364798608,1.0,-0.10208779083596176,-0.25247136958183775,-0.017036113360590292,-0.027340476921091924,-0.03097273698121904,-0.010588464952625335,0.003987631575162326,-0.030927303249110614,-0.009584525869199754,-0.017036113360590292,-0.10208779083596176,0.006691616608159584
weekday,-0.004484851244159961,0.010400061080361973,-0.0034977394383284097,-0.10208779083596176,1.0,0.03595507139844422,0.003310739703927733,-0.001794926984172275,-0.008820944779345394,-0.03715826821855929,0.011501545297833727,0.02689985999083953,-0.0023353497250483872,0.003310739703927733,1.0,-0.004484851244110412
workingday,-0.0021960054143295854,-0.0034769217948592422,0.002284998104143218,-0.25247136958183775,0.03595507139844422,1.0,0.044672223797483236,0.05539031705723684,0.054667234640141636,0.01568751235078407,-0.011829789356501119,0.030284367747910722,0.013743101747057613,0.044672223797483236,0.035955071398444186,-0.002196005414260544
weathersit,-0.019156853236153317,0.005399521906108003,-0.020202528398648743,-0.017036113360590292,0.003310739703927733,0.044672223797483236,1.0,-0.10263993557969286,-0.10556310792661816,0.4181303287518022,0.026225652487410215,-0.14242613813809568,-0.014523552139127333,1.0,0.0033107397039277516,-0.01915685323626795
temp,0.04091337950964953,0.2016914936098623,0.13760349386561102,-0.027340476921091924,-0.001794926984172275,0.05539031705723684,-0.10263993557969286,1.0,0.9876721390396509,-0.06988139105119498,-0.023125262485330776,0.4047722757786585,0.31202523725739334,-0.10263993557969284,-0.0017949269841722618,0.04091337951164905
atemp,0.039221594593994956,0.20809613091746373,0.13374996473160936,-0.03097273698121904,-0.008820944779345394,0.054667234640141636,-0.10556310792661816,0.9876721390396509,1.0,-0.05191769599336847,-0.06233604268695535,0.40092930412663175,0.3193798109588753,-0.10556310792661816,-0.008820944779345398,0.039221594595938325
hum,-0.08354642088380308,0.1644114433757885,-0.2764978279048565,-0.010588464952625335,-0.03715826821855929,0.01568751235078407,0.4181303287518022,-0.06988139105119498,-0.05191769599336847,1.0,-0.2901048950638615,-0.32291074082456017,0.15062474540392662,0.4181303287518022,-0.03715826821855927,-0.08354642088344329
windspeed,-0.00873953293298549,-0.1353863232050091,0.13725156750094297,0.003987631575162326,0.011501545297833727,-0.011829789356501119,0.026225652487410215,-0.023125262485330776,-0.06233604268695535,-0.2901048950638615,1.0,0.09323378392612537,-0.14977275116520924,0.026225652487410215,0.011501545297833723,-0.008739532933446774
cnt,0.2504948988588146,0.12063776021315144,0.39407149778294204,-0.030927303249110614,0.02689985999083953,0.030284367747910722,-0.14242613813809568,0.4047722757786585,0.40092930412663175,-0.32291074082456017,0.09323378392612537,1.0,0.17805573098267663,-0.14242613813809568,0.026899859990839544,0.25049489885964854
season_int,-0.010742486210231486,0.8303858922042007,-0.006116900866197274,-0.009584525869199754,-0.0023353497250483872,0.013743101747057613,-0.014523552139127333,0.31202523725739334,0.3193798109588753,0.15062474540392662,-0.14977275116520924,0.17805573098267663,1.0,-0.014523552139127328,-0.002335349725048378,-0.010742486207836325
weathersit_int,-0.019156853236153317,0.005399521906108003,-0.020202528398648743,-0.017036113360590292,0.003310739703927733,0.044672223797483236,1.0,-0.10263993557969284,-0.10556310792661816,0.4181303287518022,0.026225652487410215,-0.14242613813809568,-0.014523552139127328,1.0,0.0033107397039277516,-0.01915685323626795
weekday_int,-0.004484851244159961,0.010400061080361973,-0.0034977394383284097,-0.10208779083596176,1.0,0.035955071398444186,0.0033107397039277516,-0.0017949269841722618,-0.008820944779345398,-0.03715826821855927,0.011501545297833723,0.026899859990839544,-0.002335349725048378,0.0033107397039277516,1.0,-0.004484851244110412
yr_int,0.9999999999999996,-0.010472928816713602,-0.003867004949336633,0.006691616608159584,-0.004484851244110412,-0.002196005414260544,-0.01915685323626795,0.04091337951164905,0.039221594595938325,-0.08354642088344329,-0.008739532933446774,0.25049489885964854,-0.010742486207836325,-0.01915685323626795,-0.004484851244110412,1.0
