,count,mean,std,min,25%,50%,75%,max,skewness,kurtosis
year,17379.0,0.5025605615973301,0.5000078290910197,0.0,0.0,1.0,1.0,1.0,-0.010243264826335793,-2.0001252660277196
month,17379.0,6.537775476149376,3.4387757137501653,1.0,4.0,7.0,10.0,12.0,-0.009253248382682865,-1.2018781966268746
hour,17379.0,11.546751826917545,6.914405095264493,0.0,6.0,12.0,18.0,23.0,-0.010679909518954171,-1.198020587589778
weekday,17379.0,3.003682605443351,2.005771456110988,0.0,1.0,3.0,5.0,6.0,-0.0029982213760478796,-1.2559968914057498
temp,17379.0,20.376473905287995,7.894800971238598,0.8200000000000001,13.94,20.5,27.06,41.0,-0.0060208833482720495,-0.9418442040701822
feel_temp,17379.0,23.788755106738016,8.592510781767972,0.0,16.665,24.24,31.06,50.0,-0.09042885855903818,-0.8454118948353009
humidity,17379.0,0.6272288394038782,0.19292983406291508,0.0,0.48,0.63,0.78,1.0,-0.11128714936537669,-0.8261167359052544
windspeed,17379.0,12.736539622532941,8.196795314376963,0.0,7.0015,12.998,16.997899999999998,56.9969,0.5749052034923132,0.5908204107371664
count,17379.0,189.46308763450142,181.38759909186476,1.0,40.0,142.0,281.0,977.0,1.2774116037490573,1.4172032806553738
