feature,importance
worst area,0.13699719476225458
worst concave points,0.12818689564004965
worst radius,0.10009144635236622
mean concave points,0.09181151075744737
worst perimeter,0.07522307924491498
mean perimeter,0.07412524009024281
mean radius,0.06882708913170035
mean concavity,0.05828408154354221
mean area,0.04837232464543503
worst concavity,0.03283477087083913
area error,0.031329854927252446
worst texture,0.01880272601705184
worst compactness,0.018601692561545785
radius error,0.014853590529960608
worst smoothness,0.012964449211270199
mean compactness,0.011417255263147701
mean texture,0.01130856133259202
worst symmetry,0.008844653361989446
perimeter error,0.008179046274999232
mean smoothness,0.007868439142490984
compactness error,0.006469553412305999
fractal dimension error,0.004734955898814256
worst fractal dimension,0.004208336433843416
texture error,0.004140735232176199
concavity error,0.0040576179228047115
mean symmetry,0.0036971751195680473
symmetry error,0.003642688344060173
mean fractal dimension,0.0035068793446040125
concave points error,0.0034740276375087383
smoothness error,0.0031441289932218493
